age,address,famsize,reason,studytime,failures,schoolsup,famsup,paid,activities,higher,internet,romantic,freetime,goout,health,absences,G1,G2,G3
18,U,GT3,course,2,0,yes,no,no,no,yes,no,no,3,4,3,6,25,30,30
17,U,GT3,course,2,0,no,yes,no,no,yes,yes,no,3,3,3,4,25,25,30
15,U,LE3,other,2,3,yes,no,yes,no,yes,yes,no,3,2,3,10,35,40,50
15,U,GT3,home,3,0,no,yes,yes,yes,yes,yes,yes,2,2,5,2,75,70,75
16,U,GT3,home,2,0,no,yes,yes,no,yes,no,no,3,2,5,4,30,50,50
16,U,LE3,reputation,2,0,no,yes,yes,yes,yes,yes,no,4,2,5,10,75,75,75
16,U,LE3,home,2,0,no,no,no,no,yes,yes,no,4,4,3,0,60,60,55
17,U,GT3,home,2,0,yes,yes,no,no,yes,no,no,1,4,1,6,30,25,30
15,U,LE3,home,2,0,no,yes,yes,no,yes,yes,no,2,2,1,0,80,90,95
15,U,GT3,home,2,0,no,yes,yes,yes,yes,yes,no,5,1,5,0,70,75,75
15,U,GT3,reputation,2,0,no,yes,yes,no,yes,yes,no,3,3,2,0,50,40,45
15,U,GT3,reputation,3,0,no,yes,no,yes,yes,yes,no,2,2,4,4,50,60,60
15,U,LE3,course,1,0,no,yes,yes,yes,yes,yes,no,3,3,5,2,70,70,70
15,U,GT3,course,2,0,no,yes,yes,no,yes,yes,no,4,3,3,2,50,50,55
15,U,GT3,home,3,0,no,yes,no,no,yes,yes,yes,5,2,3,0,70,80,80
16,U,GT3,home,1,0,no,yes,no,no,yes,yes,no,4,4,2,4,70,70,70
16,U,GT3,reputation,3,0,no,yes,yes,yes,yes,yes,no,2,3,2,6,65,70,70
16,U,GT3,reputation,2,0,yes,yes,no,yes,yes,no,no,3,2,4,4,40,50,50
17,U,GT3,course,1,3,no,yes,no,yes,yes,yes,no,5,5,5,16,30,25,25
16,U,LE3,home,1,0,no,no,yes,yes,yes,yes,no,1,3,5,4,40,50,50
15,U,GT3,reputation,2,0,no,no,no,no,yes,yes,no,4,1,1,0,65,70,75
15,U,GT3,other,1,0,no,yes,yes,no,yes,yes,no,4,2,5,0,60,75,75
16,U,LE3,course,2,0,no,no,no,yes,yes,yes,no,5,1,5,2,75,75,80
16,U,LE3,reputation,2,0,no,yes,no,yes,yes,yes,no,4,4,5,0,65,65,60
15,R,GT3,course,3,0,yes,yes,yes,yes,yes,yes,no,3,2,5,2,50,45,40
16,U,GT3,home,1,2,no,yes,yes,no,yes,yes,no,2,2,5,14,30,45,40
15,U,GT3,home,1,0,no,yes,yes,no,yes,yes,no,2,2,5,2,60,60,55
15,U,GT3,other,1,0,no,no,yes,no,yes,yes,no,2,4,1,4,75,80,75
16,U,LE3,home,2,0,yes,yes,no,yes,yes,yes,no,3,3,5,4,55,55,55
16,U,GT3,home,2,0,no,yes,yes,yes,yes,yes,yes,4,5,5,16,50,60,55
15,U,GT3,home,2,0,no,yes,yes,no,yes,yes,no,4,2,5,0,45,55,60
15,U,GT3,reputation,2,0,no,yes,no,yes,yes,yes,no,3,1,5,0,85,80,85
15,R,GT3,course,2,0,no,yes,no,yes,yes,yes,yes,5,2,5,0,85,80,80
15,U,LE3,course,2,0,no,no,no,yes,yes,yes,no,3,2,2,0,40,50,60
16,U,GT3,home,1,0,no,yes,yes,no,yes,yes,no,4,3,5,0,60,70,75
15,U,GT3,other,1,0,no,yes,no,yes,yes,no,no,5,1,5,0,40,35,30
15,U,LE3,home,3,0,no,yes,no,yes,yes,yes,no,4,3,4,2,75,80,90
16,R,GT3,reputation,3,0,no,yes,no,yes,yes,yes,yes,4,3,5,7,75,80,75
15,R,GT3,course,3,0,yes,yes,yes,yes,yes,yes,no,3,2,5,2,60,60,55
15,R,GT3,reputation,1,0,yes,yes,yes,yes,yes,no,no,3,1,2,8,70,65,65
16,U,LE3,home,2,1,no,yes,no,yes,yes,yes,yes,3,3,3,25,35,50,55
15,U,LE3,home,1,0,no,yes,no,no,yes,yes,yes,4,3,5,8,60,60,60
15,U,GT3,course,2,0,no,yes,no,yes,yes,yes,no,3,3,5,2,95,90,90
15,U,GT3,course,1,0,yes,yes,no,no,yes,yes,no,4,1,1,0,40,40,55
16,U,LE3,course,2,1,yes,no,no,yes,yes,yes,no,3,3,5,14,50,50,45
15,U,LE3,course,2,0,yes,yes,yes,yes,yes,yes,yes,2,2,5,8,40,40,30
16,U,LE3,home,2,0,no,yes,no,no,yes,yes,no,3,5,3,12,55,60,55
16,U,GT3,reputation,4,0,no,no,no,yes,yes,yes,no,2,2,2,4,95,95,100
15,U,GT3,home,2,0,no,yes,yes,no,yes,no,no,3,3,5,2,75,75,70
15,U,GT3,other,2,1,yes,yes,no,yes,yes,yes,no,4,4,3,2,35,35,35
16,U,LE3,course,2,0,no,yes,yes,no,yes,yes,no,3,3,4,2,60,65,65
15,U,LE3,other,2,0,no,yes,yes,no,yes,yes,no,3,3,5,2,55,65,65
15,U,LE3,other,1,1,no,no,no,no,yes,no,no,5,5,5,6,55,55,50
15,U,GT3,course,1,0,yes,yes,yes,no,yes,yes,no,3,4,5,0,40,50,55
15,U,LE3,other,1,0,no,no,yes,no,yes,yes,no,3,4,1,6,50,65,65
16,U,GT3,other,2,0,no,no,yes,yes,yes,yes,yes,3,4,2,8,40,45,50
15,U,GT3,reputation,2,0,no,yes,yes,yes,yes,yes,no,3,2,1,0,70,75,75
15,U,GT3,reputation,2,0,no,yes,no,yes,yes,no,no,2,2,5,4,70,75,75
15,U,LE3,home,2,0,yes,yes,no,yes,yes,yes,no,3,2,5,2,45,50,45
16,U,GT3,course,2,0,no,yes,no,no,yes,yes,no,2,3,5,2,75,80,80
16,R,GT3,other,2,0,no,yes,no,yes,yes,no,no,4,4,4,6,50,55,55
16,U,GT3,course,1,0,yes,yes,no,yes,yes,yes,yes,5,5,5,6,50,40,55
16,U,LE3,reputation,2,0,yes,no,no,yes,yes,yes,no,4,3,1,4,40,50,45
16,U,GT3,home,3,0,yes,yes,yes,yes,yes,yes,no,4,4,4,2,50,45,45
15,U,LE3,reputation,2,0,yes,no,no,yes,yes,yes,yes,4,4,2,0,50,50,50
16,U,LE3,course,2,0,no,yes,no,yes,yes,yes,no,4,3,1,2,80,75,75
15,U,GT3,reputation,4,0,no,yes,no,yes,yes,yes,yes,3,3,3,4,65,65,60
16,U,GT3,course,4,0,yes,yes,yes,no,yes,yes,no,3,3,5,4,35,35,30
15,R,LE3,reputation,2,0,yes,yes,yes,no,yes,yes,no,1,3,4,2,40,45,40
15,R,LE3,reputation,4,0,no,yes,no,no,yes,yes,no,4,2,3,12,80,80,80
16,U,GT3,reputation,4,0,no,yes,yes,no,yes,yes,no,3,2,5,0,65,75,75
15,U,GT3,course,4,0,no,no,no,no,yes,yes,no,3,3,3,0,50,50,50
15,R,GT3,reputation,2,2,yes,yes,no,no,yes,yes,yes,3,4,5,2,40,30,25
16,U,GT3,reputation,1,0,no,no,no,yes,yes,no,no,3,2,5,2,60,60,70
16,U,GT3,home,2,0,yes,yes,yes,yes,yes,yes,no,3,3,5,54,55,60,55
15,U,GT3,home,2,0,no,yes,yes,yes,yes,yes,no,3,3,5,6,45,45,50
15,U,GT3,course,4,0,no,no,no,yes,yes,yes,no,4,3,1,8,55,55,50
16,U,GT3,reputation,4,0,no,no,yes,no,yes,yes,yes,2,3,3,0,55,55,55
17,U,GT3,home,1,3,yes,yes,no,yes,no,yes,no,5,1,3,2,40,40,50
16,U,GT3,course,2,0,no,yes,no,no,yes,yes,no,4,3,3,12,25,25,25
15,U,GT3,course,1,0,yes,yes,yes,yes,yes,yes,yes,2,2,3,2,50,60,60
15,U,GT3,home,3,0,yes,no,yes,no,yes,yes,no,3,2,5,4,55,50,55
15,U,LE3,reputation,2,0,no,yes,yes,no,yes,yes,no,4,4,5,10,35,30,30
15,U,LE3,home,2,0,no,no,yes,yes,yes,yes,no,3,3,4,4,75,75,75
15,U,GT3,home,2,0,no,yes,no,yes,yes,yes,no,3,2,4,2,45,50,50
15,U,GT3,reputation,2,2,no,no,yes,no,yes,yes,yes,4,4,5,6,35,45,40
16,U,LE3,course,2,0,no,yes,no,no,yes,no,no,3,4,2,4,40,35,30
15,U,GT3,reputation,3,0,no,yes,no,yes,yes,yes,no,3,3,1,4,65,70,70
16,U,GT3,reputation,2,1,no,no,yes,yes,yes,yes,no,4,2,3,12,55,50,50
16,U,LE3,reputation,2,0,no,yes,no,no,yes,no,no,1,3,5,18,40,30,35
16,U,GT3,home,3,0,no,yes,yes,no,yes,yes,yes,3,3,4,0,35,35,40
15,U,GT3,reputation,1,0,no,no,yes,yes,yes,yes,no,5,5,1,4,80,85,90
16,U,LE3,home,2,0,yes,yes,no,no,yes,no,no,3,3,2,4,35,30,30
16,U,GT3,home,2,0,no,yes,yes,yes,yes,yes,no,3,3,1,0,55,50,50
15,U,LE3,reputation,4,0,no,yes,no,yes,yes,yes,no,3,4,4,6,55,65,70
15,R,GT3,home,4,1,yes,yes,yes,yes,yes,yes,no,1,2,1,2,35,50,50
16,R,GT3,reputation,1,0,yes,yes,no,yes,yes,yes,no,3,3,4,2,55,75,75
16,U,GT3,course,2,0,no,yes,yes,no,yes,no,yes,3,5,5,2,40,45,50
16,U,GT3,reputation,1,0,no,no,no,yes,yes,yes,no,3,4,1,6,55,70,70
16,U,GT3,course,3,0,yes,yes,yes,no,yes,yes,no,3,5,3,0,35,45,40
16,U,GT3,other,1,0,yes,yes,yes,yes,yes,yes,no,5,5,4,14,35,35,25
16,U,GT3,other,3,0,no,yes,no,yes,yes,yes,yes,4,3,4,0,80,85,85
15,U,GT3,course,1,0,no,yes,no,yes,yes,yes,no,3,3,5,4,50,65,70
15,U,GT3,home,2,0,yes,yes,yes,no,yes,yes,no,3,5,2,26,35,30,30
15,U,GT3,course,2,0,no,yes,yes,yes,yes,yes,no,4,4,1,0,80,90,90
15,U,GT3,reputation,4,0,yes,no,no,no,yes,no,no,3,3,4,10,50,55,55
15,U,GT3,course,4,0,yes,yes,yes,no,yes,yes,no,1,2,3,8,35,40,40
16,U,GT3,home,3,0,no,yes,no,yes,yes,yes,no,3,3,5,2,80,90,90
15,R,GT3,home,4,0,no,yes,yes,yes,yes,yes,yes,3,5,1,6,50,65,65
16,U,LE3,other,3,0,no,yes,yes,yes,yes,yes,yes,4,5,4,4,70,75,80
15,U,LE3,course,1,0,no,no,no,yes,yes,yes,no,5,3,4,6,90,95,95
16,R,GT3,reputation,3,1,yes,yes,no,yes,yes,yes,no,1,2,2,0,35,50,50
16,U,GT3,home,2,1,yes,no,no,yes,yes,yes,no,1,2,5,6,50,65,65
15,U,LE3,course,1,0,no,no,no,no,yes,yes,no,5,2,3,10,90,95,95
15,R,GT3,reputation,2,0,no,no,no,yes,yes,yes,yes,4,2,5,8,45,45,45
16,U,GT3,course,2,0,no,yes,no,yes,yes,yes,no,4,4,5,2,75,75,80
15,U,GT3,reputation,2,0,no,yes,no,yes,yes,no,no,4,3,2,2,55,65,70
16,U,GT3,home,1,0,no,no,no,yes,yes,yes,no,4,2,5,0,65,70,65
17,R,GT3,course,2,1,no,yes,no,yes,yes,yes,no,2,4,5,20,45,35,40
15,U,GT3,reputation,1,0,no,no,no,no,yes,yes,no,4,3,4,6,70,65,65
15,U,GT3,course,2,0,no,no,no,no,yes,yes,no,2,3,1,2,80,75,75
15,U,GT3,home,4,0,no,yes,yes,yes,yes,yes,no,5,4,5,6,80,70,75
16,U,LE3,course,2,0,no,yes,yes,yes,yes,yes,yes,2,2,5,2,65,65,65
16,U,GT3,course,1,0,no,yes,no,yes,yes,yes,no,4,4,5,18,70,55,65
16,U,GT3,home,2,0,no,no,yes,no,yes,yes,yes,4,4,5,0,40,35,40
15,U,GT3,home,1,0,yes,no,no,no,yes,yes,no,5,5,5,0,65,65,60
15,U,LE3,home,2,0,yes,no,no,yes,yes,yes,yes,3,2,1,0,35,50,55
19,U,GT3,course,2,3,no,yes,no,no,no,no,no,4,2,5,2,35,40,45
18,R,GT3,reputation,1,2,no,yes,no,yes,yes,yes,no,3,3,4,0,35,20,0
16,R,GT3,course,1,0,no,no,yes,yes,yes,yes,no,5,5,4,8,90,90,90
15,R,GT3,course,3,2,no,yes,no,no,yes,yes,yes,2,2,5,0,60,0,0
15,U,GT3,course,1,0,no,yes,no,yes,yes,yes,yes,3,3,4,0,40,0,0
17,U,LE3,course,1,0,no,yes,no,no,yes,yes,yes,4,4,5,12,50,65,60
16,U,GT3,course,1,0,no,no,no,no,yes,yes,no,2,1,5,16,60,55,55
15,R,GT3,course,2,0,no,yes,no,no,yes,no,yes,3,3,5,0,45,0,0
15,U,GT3,course,3,0,no,yes,no,yes,yes,yes,yes,3,3,5,0,55,0,0
17,R,GT3,course,2,0,no,no,no,no,yes,no,no,4,5,5,0,50,0,0
16,U,GT3,course,1,2,no,yes,no,yes,yes,yes,yes,3,2,5,0,20,0,0
16,U,LE3,course,2,1,no,no,no,no,yes,no,yes,4,4,5,0,70,60,60
15,U,GT3,course,1,0,no,no,no,yes,yes,yes,no,3,2,5,0,80,80,75
15,U,GT3,course,4,0,yes,yes,no,no,yes,yes,no,2,2,3,0,35,45,0
16,U,LE3,reputation,1,2,no,yes,no,yes,yes,yes,no,3,3,2,8,45,45,45
15,U,GT3,course,3,0,no,yes,yes,yes,yes,yes,no,2,2,5,2,45,55,55
16,U,LE3,course,1,0,no,no,no,no,yes,yes,no,4,4,1,2,70,70,65
17,U,GT3,home,1,3,no,yes,no,no,yes,yes,no,4,5,5,0,25,0,0
15,U,GT3,course,2,0,no,yes,yes,no,yes,yes,no,4,2,5,0,40,55,55
15,U,GT3,home,2,3,no,yes,no,no,yes,yes,no,3,2,3,0,30,35,0
15,U,GT3,course,2,0,no,yes,yes,no,yes,yes,no,3,2,5,2,50,55,55
16,U,GT3,course,1,0,no,yes,no,no,no,yes,yes,3,2,5,0,35,30,0
15,U,LE3,course,1,3,no,no,no,no,yes,yes,no,5,5,5,0,40,45,50
18,U,LE3,course,1,3,no,no,no,no,no,yes,yes,3,5,4,0,30,25,0
16,U,LE3,course,1,1,no,no,no,yes,yes,no,yes,4,4,5,6,60,65,70
15,R,GT3,reputation,3,2,no,yes,yes,yes,yes,yes,yes,2,1,3,8,50,50,50
19,U,GT3,home,1,3,no,yes,no,no,no,yes,yes,5,4,4,0,25,0,0
17,U,GT3,course,1,0,yes,yes,no,no,yes,no,yes,2,1,4,0,55,55,60
15,R,GT3,course,2,0,yes,no,yes,yes,yes,no,no,4,4,1,2,55,40,40
17,R,LE3,reputation,1,0,no,no,no,no,yes,no,no,2,2,5,8,80,60,65
18,R,GT3,course,1,3,no,yes,no,yes,yes,no,no,2,5,4,6,45,40,50
16,R,GT3,course,1,0,no,no,no,no,yes,no,no,2,2,3,2,85,75,75
16,U,GT3,course,2,1,no,yes,yes,no,yes,yes,yes,5,5,5,4,50,60,60
17,R,LE3,course,1,2,no,no,no,yes,no,yes,yes,3,2,5,0,35,30,0
15,R,GT3,course,2,2,yes,yes,no,no,yes,yes,yes,4,4,3,6,25,45,35
16,U,LE3,course,1,1,no,no,no,yes,yes,no,no,4,4,5,0,35,0,0
17,U,GT3,course,1,0,no,no,no,no,no,yes,no,3,3,2,2,50,50,50
17,R,LE3,course,2,3,no,no,no,yes,no,no,yes,3,5,5,0,25,40,35
16,U,GT3,course,1,1,no,yes,no,yes,no,no,no,5,2,2,16,60,55,60
16,U,GT3,course,2,0,no,no,no,no,no,yes,no,3,5,4,4,50,50,50
16,U,GT3,home,2,0,no,no,yes,no,yes,yes,yes,2,3,3,0,70,75,80
16,U,GT3,home,2,0,no,yes,yes,no,yes,yes,no,1,5,4,0,30,35,0
16,U,GT3,reputation,2,0,no,yes,yes,no,yes,yes,yes,4,2,3,0,70,70,70
16,U,GT3,course,1,2,no,yes,no,yes,yes,yes,no,4,5,2,0,30,25,0
16,U,GT3,reputation,2,0,no,yes,yes,yes,yes,yes,yes,3,2,3,2,65,75,80
17,U,LE3,reputation,2,0,no,yes,yes,yes,yes,yes,no,4,4,5,0,65,55,50
16,U,GT3,home,2,3,no,no,no,yes,yes,yes,yes,3,5,3,0,40,35,0
16,U,LE3,reputation,2,0,no,yes,yes,yes,yes,yes,no,4,5,4,4,50,55,45
17,U,LE3,course,2,0,no,no,yes,yes,yes,yes,no,4,4,4,4,50,45,45
16,U,GT3,reputation,2,0,no,no,yes,yes,yes,yes,no,4,4,5,2,65,65,55
17,U,GT3,reputation,2,0,no,no,no,yes,yes,yes,no,3,4,4,4,30,25,30
16,R,GT3,other,1,0,no,yes,no,yes,yes,yes,yes,3,3,3,10,50,40,45
17,U,GT3,course,2,0,no,yes,no,yes,yes,yes,yes,2,3,2,4,50,50,55
16,U,GT3,home,2,0,no,yes,yes,yes,yes,yes,no,4,3,3,10,45,40,40
16,U,GT3,home,2,0,no,no,yes,yes,yes,yes,yes,2,3,3,2,60,65,60
17,U,GT3,reputation,2,0,no,yes,no,yes,yes,no,no,4,2,5,0,80,85,85
17,U,LE3,reputation,2,0,no,yes,no,yes,yes,yes,yes,3,3,1,56,45,45,40
16,U,GT3,reputation,2,0,no,yes,yes,no,yes,yes,no,2,2,1,14,60,65,60
17,U,GT3,other,2,0,no,yes,no,yes,yes,yes,yes,3,4,4,12,60,60,55
16,U,GT3,other,1,0,no,yes,yes,yes,yes,yes,yes,3,3,3,2,55,60,55
16,U,LE3,course,2,0,no,no,yes,yes,yes,yes,yes,2,3,5,0,75,75,75
17,U,GT3,reputation,2,0,no,yes,no,no,yes,yes,yes,3,3,3,6,40,35,45
17,R,GT3,home,2,0,no,no,no,no,yes,no,no,1,3,3,4,40,45,50
16,U,GT3,course,2,0,no,no,no,no,yes,yes,no,3,3,2,10,55,60,65
17,U,GT3,course,2,0,no,no,no,yes,yes,yes,no,3,3,3,0,40,40,45
17,U,GT3,other,2,0,no,no,yes,yes,yes,yes,no,4,4,5,12,35,40,40
16,R,GT3,reputation,1,0,no,yes,no,yes,yes,yes,no,3,2,5,8,40,45,50
16,U,GT3,home,1,0,no,no,no,no,yes,yes,no,3,3,3,0,65,70,70
17,U,LE3,course,2,0,no,no,no,yes,yes,yes,yes,3,2,5,0,70,75,75
17,U,GT3,home,1,0,no,no,no,no,yes,yes,no,2,3,5,4,85,75,80
16,R,LE3,home,1,0,no,yes,yes,yes,yes,yes,no,3,4,3,8,45,45,50
17,U,GT3,home,1,1,no,yes,no,no,yes,yes,no,2,4,2,24,90,90,90
16,U,LE3,reputation,2,0,no,yes,yes,no,yes,yes,no,5,2,3,0,45,45,50
16,U,GT3,home,2,0,no,yes,no,yes,yes,yes,no,3,5,2,2,80,80,80
16,U,GT3,reputation,2,0,yes,yes,yes,yes,yes,no,no,4,3,4,6,40,50,50
17,U,GT3,course,2,0,no,yes,yes,no,yes,no,no,4,4,1,4,45,45,50
17,R,GT3,reputation,1,0,no,yes,no,no,yes,yes,no,3,2,3,18,35,30,30
16,R,GT3,reputation,4,0,no,yes,yes,yes,yes,yes,no,3,5,5,6,50,50,55
17,U,GT3,home,3,1,no,yes,yes,no,yes,yes,yes,4,3,5,28,50,45,45
16,U,GT3,course,2,3,no,yes,yes,no,yes,yes,no,3,3,4,5,35,35,35
16,U,GT3,other,2,0,no,no,yes,yes,yes,yes,yes,3,2,1,10,55,60,65
16,U,GT3,home,1,0,no,yes,yes,no,yes,no,no,3,2,5,6,45,45,50
17,R,GT3,reputation,3,0,no,yes,yes,yes,yes,yes,yes,4,2,4,6,35,35,35
19,U,GT3,reputation,4,0,no,yes,yes,yes,yes,yes,no,3,3,3,10,40,40,40
17,U,LE3,home,2,0,no,yes,yes,no,yes,yes,yes,3,5,3,13,60,60,65
16,U,GT3,reputation,2,0,yes,yes,yes,no,yes,yes,no,3,4,4,0,60,65,70
18,U,GT3,home,2,1,no,yes,yes,yes,yes,yes,no,4,4,5,15,30,35,40
17,R,LE3,other,1,0,no,yes,yes,no,yes,no,no,2,1,3,12,40,50,50
17,U,LE3,reputation,2,0,no,no,yes,no,yes,yes,no,4,4,1,2,70,75,75
17,U,GT3,reputation,2,2,no,no,yes,no,yes,yes,yes,4,5,1,22,30,30,20
18,U,LE3,home,2,1,no,yes,yes,no,yes,yes,no,2,4,4,13,30,30,40
17,U,GT3,home,1,0,no,yes,yes,no,yes,no,no,3,3,3,3,35,35,40
17,U,GT3,course,3,0,no,yes,yes,yes,yes,yes,no,3,3,4,4,45,50,50
17,R,GT3,reputation,2,0,no,yes,no,yes,yes,yes,no,2,5,5,2,30,30,30
17,U,GT3,reputation,3,1,no,yes,no,yes,yes,no,yes,3,4,5,0,30,25,0
16,U,GT3,other,2,0,yes,no,no,no,yes,yes,no,3,1,3,2,80,80,85
18,U,GT3,home,2,0,no,yes,yes,no,yes,yes,no,3,3,4,0,60,65,65
16,U,GT3,home,3,0,no,yes,no,yes,yes,yes,no,3,2,5,0,65,65,70
18,R,GT3,reputation,2,1,no,no,no,yes,yes,yes,yes,3,3,4,16,45,40,35
17,U,GT3,course,2,0,no,no,no,yes,yes,yes,no,3,4,3,10,80,75,75
17,U,LE3,reputation,2,0,no,yes,yes,no,yes,yes,no,3,3,3,2,60,55,60
18,U,LE3,course,2,0,yes,yes,yes,yes,yes,yes,yes,3,2,3,14,50,40,45
17,U,GT3,course,3,0,no,no,no,yes,yes,yes,yes,2,3,3,10,60,50,60
17,U,LE3,reputation,2,0,no,no,no,yes,yes,yes,yes,2,3,3,14,65,65,70
17,R,GT3,course,2,0,no,yes,yes,yes,yes,yes,no,5,2,1,4,55,55,55
17,U,GT3,reputation,2,0,yes,yes,no,yes,yes,yes,yes,5,5,2,14,55,45,45
16,U,GT3,reputation,2,0,no,yes,yes,yes,yes,yes,no,2,4,1,2,70,65,65
16,U,LE3,home,2,0,no,yes,yes,no,yes,yes,no,4,2,5,18,45,35,30
16,U,GT3,reputation,3,0,no,no,no,yes,yes,yes,yes,3,3,2,10,55,45,50
17,U,LE3,home,2,0,no,no,yes,yes,yes,yes,yes,4,2,4,4,70,65,65
16,U,GT3,home,1,0,no,no,no,no,yes,yes,yes,5,2,5,20,65,60,60
17,R,GT3,course,2,0,no,no,no,yes,yes,no,no,1,1,3,2,65,55,55
18,U,GT3,reputation,2,1,no,no,no,no,no,yes,no,5,4,2,0,35,35,0
17,U,LE3,course,2,0,no,no,no,yes,yes,yes,yes,5,5,5,14,60,60,60
17,R,LE3,course,2,0,no,yes,yes,no,yes,yes,no,3,3,4,2,50,55,60
16,U,LE3,course,1,0,no,no,no,yes,yes,yes,no,4,5,3,0,30,0,0
16,U,GT3,course,1,0,no,no,no,yes,yes,yes,no,3,2,5,0,65,60,60
18,U,GT3,course,3,0,no,yes,yes,no,yes,yes,yes,4,4,3,0,35,0,0
16,U,GT3,course,1,0,no,no,no,no,yes,yes,no,3,3,4,6,90,90,90
17,U,GT3,course,1,0,no,no,no,no,yes,yes,no,2,2,2,4,60,60,65
22,U,GT3,other,1,3,no,no,no,no,no,yes,yes,4,5,1,16,30,40,40
18,R,LE3,course,2,1,no,yes,no,no,yes,yes,yes,3,3,5,8,15,25,25
16,U,GT3,other,1,0,no,no,yes,no,yes,yes,no,3,2,5,0,65,75,75
18,U,GT3,course,1,1,no,no,no,no,no,yes,no,4,5,5,0,30,40,40
16,U,GT3,reputation,2,0,yes,yes,no,no,yes,yes,no,3,3,2,6,35,50,50
18,U,GT3,other,1,1,no,no,no,no,no,yes,no,2,5,5,4,30,45,40
16,R,GT3,course,1,0,no,no,no,yes,yes,no,no,3,2,3,0,40,45,40
17,R,GT3,course,1,0,no,no,no,no,yes,yes,no,4,2,5,0,40,60,60
17,U,LE3,course,1,1,no,yes,no,yes,yes,yes,no,4,4,5,2,35,45,40
17,U,LE3,reputation,4,0,no,yes,yes,yes,yes,yes,no,2,3,4,6,70,60,65
19,U,LE3,reputation,2,0,no,yes,no,no,yes,yes,no,3,1,1,12,55,55,55
18,U,GT3,home,2,0,no,no,no,yes,yes,yes,no,2,4,4,8,75,70,70
17,U,LE3,course,4,0,no,no,yes,yes,yes,yes,yes,4,1,2,0,50,45,0
18,U,GT3,home,2,0,no,yes,yes,no,yes,yes,yes,1,2,2,21,85,90,90
18,U,GT3,course,2,0,no,yes,yes,no,yes,yes,no,3,2,3,2,40,40,40
18,R,GT3,course,3,0,no,no,no,yes,yes,no,no,3,2,3,1,65,60,60
17,U,GT3,home,3,0,no,no,no,yes,yes,no,no,2,3,4,4,50,45,45
18,U,GT3,home,3,0,no,yes,yes,yes,yes,yes,yes,3,3,3,0,45,50,0
18,R,LE3,reputation,2,0,no,yes,yes,yes,yes,yes,no,2,5,1,13,85,85,85
17,U,GT3,other,2,0,no,no,yes,yes,yes,yes,yes,4,4,5,2,45,45,50
18,R,GT3,reputation,2,0,no,no,yes,yes,yes,yes,no,3,4,4,8,60,50,55
18,U,GT3,reputation,2,0,no,yes,yes,yes,yes,yes,yes,4,5,5,10,50,45,50
18,R,GT3,reputation,2,0,no,yes,no,no,no,yes,yes,3,5,3,0,30,0,0
19,U,GT3,home,2,2,no,yes,yes,yes,yes,yes,no,3,5,5,15,45,45,45
18,U,GT3,reputation,4,0,no,yes,yes,yes,yes,yes,yes,5,5,2,4,75,70,70
18,U,LE3,home,2,0,no,yes,yes,no,yes,no,no,4,3,3,2,55,55,55
17,R,GT3,home,2,0,no,yes,yes,yes,yes,no,yes,5,2,1,2,75,70,70
17,U,GT3,reputation,2,0,no,yes,yes,no,yes,yes,yes,3,3,1,2,50,50,50
17,U,LE3,course,2,0,yes,yes,yes,no,yes,yes,yes,4,4,5,6,60,60,60
18,R,GT3,home,2,0,no,no,no,no,no,yes,yes,1,1,5,75,50,45,45
18,U,GT3,home,1,0,no,no,yes,yes,yes,yes,no,2,4,3,22,45,45,45
18,U,GT3,reputation,2,1,yes,yes,no,yes,yes,yes,yes,4,4,4,15,45,40,40
18,U,LE3,course,1,0,no,no,yes,yes,yes,yes,no,2,3,1,8,50,55,50
17,U,LE3,home,1,0,no,no,yes,yes,yes,yes,yes,5,4,5,30,40,40,40
17,U,LE3,home,1,1,no,no,no,no,yes,yes,no,4,4,3,19,55,45,50
18,R,LE3,reputation,4,0,no,yes,yes,yes,yes,no,no,2,2,3,1,60,60,60
18,U,GT3,home,2,0,yes,no,no,yes,yes,yes,no,4,4,4,4,40,45,50
17,U,GT3,course,2,0,no,yes,no,no,yes,yes,no,4,5,5,4,50,45,55
17,U,GT3,reputation,2,0,no,no,yes,no,yes,yes,no,3,3,4,2,60,50,55
18,U,GT3,other,3,0,no,yes,yes,no,yes,yes,no,3,3,2,5,90,90,95
17,U,GT3,reputation,3,0,no,yes,yes,no,yes,yes,no,3,3,3,6,65,60,60
18,U,GT3,reputation,3,0,no,no,yes,yes,yes,yes,no,2,4,2,6,75,70,70
18,U,LE3,reputation,2,0,no,yes,yes,yes,yes,yes,no,4,3,2,9,75,65,75
18,U,GT3,home,2,0,no,yes,yes,yes,yes,yes,yes,3,2,5,11,60,55,55
17,U,GT3,reputation,3,0,no,yes,yes,no,yes,yes,no,2,2,3,0,75,75,75
18,U,LE3,reputation,2,1,no,no,no,no,yes,yes,yes,4,3,5,12,60,60,65
17,R,LE3,reputation,4,0,no,yes,yes,no,yes,no,no,1,2,3,6,90,90,90
18,R,LE3,reputation,3,0,no,yes,yes,yes,yes,yes,no,4,2,4,8,70,65,70
17,U,GT3,home,1,0,no,yes,yes,no,yes,yes,no,4,3,5,4,70,60,55
19,U,GT3,reputation,2,0,no,yes,yes,yes,yes,yes,no,3,4,2,0,50,45,0
18,U,LE3,home,2,0,no,yes,yes,no,yes,yes,yes,4,5,2,10,50,40,40
18,U,GT3,reputation,4,0,no,yes,yes,no,yes,yes,no,3,3,3,0,70,65,70
18,U,LE3,home,1,0,no,yes,yes,no,yes,yes,yes,4,2,1,5,80,75,80
18,U,LE3,home,2,0,no,yes,no,no,yes,yes,yes,2,4,4,14,60,50,55
17,U,LE3,home,1,0,no,no,yes,no,yes,yes,no,1,1,5,0,55,55,50
17,U,GT3,reputation,3,0,no,yes,yes,no,yes,yes,no,3,3,3,0,75,60,70
17,U,GT3,reputation,4,0,no,yes,yes,yes,yes,yes,no,2,2,5,0,85,85,90
19,U,GT3,home,2,1,no,yes,no,yes,yes,yes,yes,4,4,3,20,75,70,65
18,U,GT3,reputation,2,1,no,yes,yes,yes,yes,yes,no,4,3,3,8,70,60,60
20,U,GT3,course,1,0,no,no,no,yes,yes,no,no,5,3,5,0,85,90,90
19,U,GT3,reputation,1,1,no,yes,yes,no,yes,yes,yes,3,4,4,38,40,45,40
19,R,GT3,reputation,2,1,no,no,no,yes,yes,no,yes,5,3,5,0,75,60,60
19,U,LE3,reputation,2,1,yes,yes,no,yes,yes,yes,no,4,3,3,18,60,50,50
19,U,LE3,home,2,1,no,no,no,yes,yes,no,yes,2,4,3,0,45,45,0
19,U,GT3,other,2,0,no,yes,no,no,no,yes,yes,4,1,2,20,70,60,65
19,U,GT3,course,2,1,no,no,no,no,yes,yes,no,5,2,4,3,65,55,55
19,U,LE3,reputation,2,1,no,yes,yes,no,yes,yes,yes,2,2,1,22,65,50,55
19,U,GT3,home,3,2,no,no,no,no,yes,yes,yes,1,2,3,14,75,65,65
19,R,GT3,reputation,3,1,no,no,no,no,yes,yes,yes,1,2,3,40,65,55,55
18,U,GT3,course,2,0,no,yes,yes,yes,yes,yes,no,3,3,1,0,40,40,0
18,U,GT3,course,3,0,no,yes,yes,yes,yes,yes,yes,3,4,5,9,45,50,45
17,R,GT3,course,3,0,no,yes,yes,yes,yes,yes,no,3,4,5,0,55,55,50
18,U,GT3,course,2,0,no,yes,yes,no,yes,yes,no,4,4,5,2,55,55,55
17,U,GT3,course,2,0,no,yes,yes,no,yes,yes,yes,2,2,5,23,65,65,65
17,U,GT3,course,2,0,no,yes,no,no,yes,no,yes,2,2,3,12,55,45,45
17,R,LE3,course,3,0,no,yes,yes,yes,yes,yes,no,3,2,3,3,55,55,55
17,U,GT3,course,3,0,no,yes,no,no,yes,yes,no,4,3,5,1,60,70,75
17,U,LE3,home,3,0,no,no,no,no,yes,yes,no,3,3,2,0,80,75,75
18,U,GT3,course,3,0,no,no,no,yes,yes,yes,no,3,3,3,3,45,60,55
17,U,GT3,reputation,1,0,no,no,no,yes,yes,yes,no,3,5,5,3,70,75,80
17,R,GT3,course,1,0,no,yes,no,no,yes,yes,no,4,5,4,8,55,50,50
17,U,GT3,course,3,0,no,yes,yes,yes,yes,yes,no,4,4,4,7,50,45,45
17,U,GT3,course,3,0,no,yes,yes,no,yes,yes,yes,3,3,4,4,70,70,70
18,U,LE3,course,4,0,no,yes,no,yes,yes,yes,no,5,5,5,2,45,40,40
17,R,GT3,course,3,0,no,yes,no,no,yes,yes,yes,4,3,5,7,60,70,70
18,U,GT3,home,2,0,no,no,no,yes,yes,yes,no,3,4,4,0,35,0,0
18,U,LE3,home,2,0,no,no,no,yes,yes,yes,yes,3,3,2,0,40,40,0
18,R,GT3,course,4,0,no,no,no,yes,yes,no,no,4,4,4,0,50,45,0
17,U,GT3,course,3,0,no,no,no,no,yes,yes,no,4,5,5,16,80,75,75
19,R,GT3,home,3,1,no,no,yes,no,yes,no,no,4,3,5,12,70,65,65
17,U,GT3,home,2,0,no,yes,yes,no,yes,yes,yes,3,2,2,0,35,40,0
18,U,LE3,home,4,0,no,yes,no,no,yes,yes,no,3,3,1,7,80,75,85
17,R,GT3,home,2,0,no,yes,yes,no,yes,yes,no,3,3,2,4,45,50,50
19,U,GT3,home,3,1,no,no,yes,yes,yes,yes,yes,3,4,3,4,55,60,55
18,U,GT3,home,2,1,no,yes,no,yes,yes,yes,no,3,3,2,0,50,50,0
18,U,LE3,home,2,0,no,no,no,yes,yes,yes,yes,3,3,5,11,80,75,75
17,U,GT3,home,2,1,no,yes,no,no,yes,yes,yes,3,1,4,0,45,40,0
18,U,GT3,course,3,0,no,yes,no,no,yes,yes,no,3,3,3,4,55,50,50
18,U,GT3,other,3,0,no,no,no,no,yes,yes,yes,4,3,1,7,65,65,70
18,R,GT3,course,3,0,no,no,no,no,yes,yes,yes,3,2,4,9,80,75,80
18,U,GT3,course,3,0,no,yes,yes,no,yes,yes,yes,4,5,5,0,50,50,45
17,U,GT3,reputation,3,0,no,yes,yes,yes,yes,yes,yes,4,3,4,0,65,75,75
18,R,GT3,course,1,1,no,yes,no,no,yes,yes,no,5,5,5,10,55,65,65
19,R,GT3,home,2,3,no,no,no,no,yes,yes,no,4,4,2,8,40,35,40
17,U,GT3,course,2,0,no,yes,yes,no,yes,yes,no,5,4,3,2,65,65,65
18,U,LE3,course,1,1,no,no,no,no,no,yes,yes,3,3,3,7,40,35,40
19,R,GT3,home,1,1,no,yes,no,no,yes,yes,no,4,4,5,4,40,40,40
17,R,GT3,home,2,0,no,yes,yes,yes,yes,yes,yes,5,5,2,4,65,55,55
18,U,GT3,course,2,0,no,yes,no,no,yes,no,yes,3,4,5,0,50,45,45
17,R,GT3,other,2,0,no,yes,yes,yes,yes,yes,no,3,3,5,4,60,65,65
17,U,LE3,reputation,2,0,no,no,no,no,yes,no,yes,2,3,5,2,60,60,55
18,U,LE3,home,1,0,no,no,no,no,yes,yes,yes,3,2,3,4,50,50,50
18,U,LE3,course,3,0,no,no,no,no,yes,yes,no,3,2,4,0,90,80,80
18,R,LE3,course,2,0,no,no,no,no,yes,no,yes,3,4,5,0,65,65,65
18,R,LE3,other,2,1,no,no,no,yes,no,no,no,4,3,5,2,65,60,60
18,U,GT3,other,2,0,no,yes,no,no,yes,yes,yes,3,2,3,0,55,55,50
17,U,LE3,course,2,0,no,yes,yes,yes,yes,yes,yes,3,4,1,0,80,75,75
17,R,GT3,course,2,0,no,no,no,no,yes,no,no,2,2,3,0,60,55,60
18,R,GT3,course,2,0,no,yes,yes,no,yes,no,no,3,4,3,4,50,50,50
18,U,LE3,other,3,0,no,no,yes,no,yes,yes,yes,2,2,5,0,65,65,65
17,R,GT3,reputation,1,1,no,yes,yes,no,yes,yes,yes,2,1,1,0,35,30,0
18,U,GT3,course,1,0,no,yes,yes,no,yes,yes,yes,2,3,4,0,55,50,50
18,R,GT3,other,2,0,no,yes,yes,no,yes,yes,yes,2,2,5,10,70,60,55
19,U,LE3,home,2,2,no,no,no,yes,yes,no,yes,2,2,3,4,35,35,45
18,R,LE3,other,1,0,no,yes,yes,yes,no,yes,yes,3,3,3,3,70,60,60
17,U,GT3,home,3,0,no,no,no,yes,yes,no,yes,4,3,3,8,65,55,55
17,R,GT3,course,1,0,no,no,no,yes,yes,yes,no,5,5,1,14,30,25,25
18,R,LE3,reputation,3,0,no,no,no,no,yes,yes,no,4,4,1,0,95,90,95
18,R,GT3,home,3,0,no,no,no,no,yes,yes,no,3,2,4,2,40,40,50
20,U,GT3,course,3,2,no,yes,yes,no,yes,yes,yes,4,3,3,4,75,70,75
18,R,LE3,course,2,0,no,no,yes,yes,yes,yes,no,4,3,2,4,40,45,50
18,U,GT3,home,2,0,no,no,yes,no,yes,yes,yes,1,3,1,0,75,75,75
17,R,GT3,reputation,2,0,no,yes,yes,yes,yes,yes,no,5,4,1,17,50,50,50
18,U,GT3,home,2,0,no,no,yes,yes,yes,yes,no,2,4,2,4,75,70,70
18,R,GT3,other,1,0,no,no,no,yes,yes,yes,yes,4,3,5,5,35,30,35
17,U,GT3,home,2,0,no,no,no,yes,yes,yes,no,4,3,3,2,55,55,50
19,R,GT3,other,1,1,no,no,no,no,yes,no,no,3,2,5,0,30,25,0
18,R,GT3,home,1,1,no,no,yes,no,yes,no,no,4,3,3,14,30,25,25
18,R,GT3,other,3,0,no,no,yes,no,yes,no,no,3,3,4,2,50,45,50
18,R,GT3,reputation,1,0,no,yes,yes,yes,yes,yes,yes,4,3,5,7,30,25,30
19,R,GT3,course,3,1,no,no,no,yes,yes,yes,no,4,2,5,0,35,25,0
18,U,LE3,course,2,0,no,yes,yes,no,yes,yes,no,3,4,1,0,35,45,40
18,U,GT3,course,2,1,no,no,no,yes,yes,no,no,1,1,5,0,30,25,0
20,U,LE3,course,2,2,no,yes,yes,no,yes,no,no,5,4,4,11,45,45,45
17,U,LE3,course,1,0,no,no,no,no,yes,yes,no,4,5,2,3,70,80,80
21,R,GT3,course,1,3,no,no,no,no,yes,no,no,5,3,3,3,50,40,35
18,R,LE3,course,1,0,no,no,no,no,yes,yes,no,4,1,5,0,55,60,50
19,U,LE3,course,1,0,no,no,no,no,yes,yes,no,2,3,5,5,40,45,45
